{
    "foreground_intensity_properties_per_channel": {
        "0": {
            "max": 65535.0,
            "mean": 7534.046875,
            "median": 175.0,
            "min": 36.0,
            "percentile_00_5": 99.0,
            "percentile_99_5": 61973.0,
            "std": 16854.642578125
        }
    },
    "median_relative_size_after_cropping": 1.0,
    "shapes_after_crop": [
        [
            97,
            500,
            500
        ],
        [
            100,
            100,
            100
        ],
        [
            101,
            266,
            376
        ],
        [
            101,
            266,
            377
        ],
        [
            101,
            267,
            376
        ],
        [
            101,
            267,
            377
        ]
    ],
    "spacings": [
        [
            1,
            1,
            1
        ],
        [
            1,
            1,
            1
        ],
        [
            1,
            1,
            1
        ],
        [
            1,
            1,
            1
        ],
        [
            1,
            1,
            1
        ],
        [
            1,
            1,
            1
        ]
    ]
}